Search Term,URL
NRG Nuclear,https://www.nrg.eu/
Ommelander Ziekenhuisgroep Delfzicht Ziekenhuis,https://www.ommelanderziekenhuis.nl/
Ommelander Ziekenhuisgroep Lucas Ziekenhuis,No Link Found
Martini Ziekenhuis van Swieten,https://www.martiniziekenhuis.nl/
Refaja Ziekenhuis Stadskanaa,https://www.treant.nl/zorg/locaties/ziekenhuislocaties/refaja
Flevoziekenhuis,https://www.flevoziekenhuis.nl/
IJsselmeer Ziekenhuizen Zuiderzeeziekenhuis,https://nl.wikipedia.org/wiki/IJsselmeerziekenhuizen
IJsselmeer Ziekenhuizen Dokter J.H. Jansenziekenhuis,https://emmeloord.info/ziekenhuis/
Diakonessenhuis Utrecht,https://www.diakonessenhuis.nl/
Diakonessenhuis Zeist,https://www.diakonessenhuis.nl/
Meander Medisch Centrum Amersfoort Lichtenberg,https://www.meandermc.nl/
Meander Medisch Centrum Amersfoort Elisabeth,https://www.meandermc.nl/
St. Antonius Ziekenhuis Oudenrijn,https://www.antoniusziekenhuis.nl/locaties/ziekenhuis-utrecht
St. Antonius Ziekenhuis Nieuwegein,https://www.antoniusziekenhuis.nl/locaties/ziekenhuis-nieuwegein
St. Antonius Ziekenhuis Overvecht,https://www.antoniusziekenhuis.nl/locaties/polikliniek-utrecht-overvecht
Zuwe Zuwe Hofpoort Ziekenhuis,https://www.antoniusziekenhuis.nl/nieuwsoverzicht/zuwe-hofpoort-wordt-st-antonius-ziekenhuis-woerden
BovenIJ Ziekenhuis,https://www.bovenij.nl/
